Train_Number,Direction,first_station,last_station,stop_count,total_boardings,total_alightings,peak_departure_load,first_departure,last_arrival
6424,U,Werribee,Flinders Street,10,930,940,810,07:49:00,08:28:00
6418,U,Werribee,Flinders Street,10,850,830,750,07:19:00,07:59:00
6420,U,Werribee,Flinders Street,10,820,820,700,07:29:00,08:09:00
6497,D,Flinders Street,Werribee,10,780,780,700,17:23:00,18:04:00
6422,U,Werribee,Flinders Street,10,780,780,670,07:39:00,08:18:00
6495,D,Flinders Street,Werribee,10,780,770,670,17:13:00,17:54:00
6428,U,Werribee,Flinders Street,10,750,740,630,08:09:00,08:50:00
6426,U,Werribee,Flinders Street,10,710,710,610,07:59:00,08:40:00
6501,D,Flinders Street,Werribee,10,680,670,610,17:43:00,18:24:00
6477,D,Flinders Street,Werribee,10,700,690,600,15:44:00,16:23:00
6499,D,Flinders Street,Werribee,10,690,700,580,17:33:00,18:14:00
6493,D,Flinders Street,Werribee,10,640,640,560,17:03:00,17:44:00
6416,U,Werribee,Flinders Street,10,590,610,550,07:09:00,07:49:00
6483,D,Flinders Street,Werribee,10,620,640,500,16:13:00,16:54:00
6489,D,Flinders Street,Werribee,10,590,590,490,16:43:00,17:24:00
6491,D,Flinders Street,Werribee,10,510,500,470,16:53:00,17:34:00
6414,U,Werribee,Flinders Street,10,530,520,450,06:59:00,07:39:00
6214,U,Laverton,Flinders Street,13,570,580,440,07:56:00,08:35:00
6475,D,Flinders Street,Werribee,10,550,550,400,15:24:00,16:04:00
6485,D,Flinders Street,Werribee,10,520,520,400,16:23:00,17:04:00
6430,U,Werribee,Flinders Street,10,470,480,390,08:19:00,08:58:00
6212,U,Laverton,Flinders Street,13,490,490,380,07:36:00,08:15:00
6216,U,Laverton,Flinders Street,13,500,520,380,08:16:00,08:55:00
6487,D,Flinders Street,Werribee,10,450,450,380,16:33:00,17:14:00
6481,D,Flinders Street,Werribee,10,470,480,370,16:03:00,16:44:00
6210,U,Laverton,Flinders Street,13,390,390,350,07:16:00,07:55:00
6432,U,Werribee,Flinders Street,10,420,430,350,08:29:00,09:10:00
6505,D,Flinders Street,Werribee,10,420,440,350,18:03:00,18:44:00
6503,D,Flinders Street,Werribee,10,380,390,340,17:53:00,18:34:00
6507,D,Flinders Street,Werribee,10,390,390,340,18:13:00,18:54:00
6473,D,Flinders Street,Werribee,10,490,500,330,15:04:00,15:44:00
6277,D,Flinders Street,Laverton,13,380,400,320,17:27:00,18:04:00
6412,U,Werribee,Flinders Street,10,390,370,320,06:49:00,07:29:00
6509,D,Flinders Street,Werribee,10,360,350,310,18:23:00,19:04:00
6275,D,Flinders Street,Laverton,13,370,390,300,17:07:00,17:44:00
6406,U,Werribee,Flinders Street,10,350,340,300,06:19:00,07:00:00
6408,U,Werribee,Flinders Street,10,310,300,270,06:29:00,07:08:00
6410,U,Werribee,Flinders Street,10,310,310,270,06:39:00,07:18:00
6440,U,Werribee,Flinders Street,10,300,310,270,09:09:00,09:49:00
6434,U,Werribee,Flinders Street,10,330,340,260,08:39:00,09:18:00
6482,U,Werribee,Flinders Street,10,390,390,250,15:39:00,16:19:00
6543,D,Flinders Street,Werribee,17,260,280,250,21:08:00,21:56:00
6404,U,Werribee,Flinders Street,10,290,280,240,05:59:00,06:40:00
6471,D,Flinders Street,Werribee,10,310,310,240,14:44:00,15:24:00
6479,D,Flinders Street,Werribee,10,280,290,240,15:53:00,16:32:00
6279,D,Flinders Street,Laverton,13,250,260,230,17:47:00,18:24:00
6438,U,Werribee,Flinders Street,10,310,310,230,08:59:00,09:39:00
6273,D,Flinders Street,Laverton,13,250,250,220,16:47:00,17:24:00
6469,D,Flinders Street,Werribee,10,280,290,220,14:24:00,15:04:00
6511,D,Flinders Street,Werribee,10,260,270,220,18:33:00,19:14:00
6436,U,Werribee,Flinders Street,10,260,260,210,08:48:00,09:27:00
6480,U,Werribee,Flinders Street,10,370,380,210,15:19:00,15:58:00
6218,U,Laverton,Flinders Street,13,280,260,200,08:36:00,09:15:00
6208,U,Laverton,Flinders Street,13,230,230,190,06:56:00,07:35:00
6448,U,Werribee,Flinders Street,10,270,260,190,09:59:00,10:39:00
6513,D,Flinders Street,Werribee,10,210,200,190,18:44:00,19:24:00
6545,D,Flinders Street,Werribee,17,230,240,190,21:28:00,22:16:00
6454,U,Werribee,Flinders Street,10,230,220,170,10:59:00,11:38:00
6465,D,Flinders Street,Werribee,10,240,220,170,13:44:00,14:24:00
6533,D,Flinders Street,Werribee,17,200,210,170,19:28:00,20:16:00
6281,D,Flinders Street,Laverton,13,200,210,160,18:07:00,18:44:00
6402,U,Werribee,Flinders Street,10,180,190,160,05:39:00,06:18:00
6547,D,Flinders Street,Werribee,17,200,220,160,21:48:00,22:36:00
6267,D,Flinders Street,Laverton,13,210,230,150,15:46:00,16:23:00
6456,U,Werribee,Flinders Street,10,190,200,150,11:19:00,11:58:00
6467,D,Flinders Street,Werribee,10,210,230,150,14:04:00,14:44:00
6549,D,Flinders Street,Werribee,17,170,150,150,22:08:00,22:56:00
6206,U,Laverton,Flinders Street,13,150,150,140,06:36:00,07:15:00
6220,U,Laverton,Flinders Street,13,200,200,140,08:56:00,09:35:00
6262,U,Laverton,Flinders Street,13,210,180,140,15:55:00,16:35:00
6265,D,Flinders Street,Laverton,13,170,180,140,15:26:00,16:03:00
6269,D,Flinders Street,Laverton,13,190,210,140,16:06:00,16:44:00
6271,D,Flinders Street,Laverton,13,200,190,140,16:26:00,17:04:00
6429,D,Flinders Street,Werribee,10,230,240,140,08:22:00,09:04:00
6452,U,Werribee,Flinders Street,10,180,180,140,10:39:00,11:18:00
6492,U,Werribee,Flinders Street,10,230,230,140,16:59:00,17:39:00
6539,D,Flinders Street,Werribee,17,160,170,140,20:28:00,21:16:00
6541,D,Flinders Street,Werribee,17,170,160,140,20:48:00,21:36:00
6415,D,Flinders Street,Werribee,10,190,190,130,07:24:00,08:04:00
6419,D,Flinders Street,Werribee,10,200,210,130,07:36:00,08:16:00
6421,D,Flinders Street,Werribee,10,200,180,130,07:51:00,08:31:00
6423,D,Flinders Street,Werribee,7,200,200,130,08:00:00,08:36:00
6444,U,Werribee,Flinders Street,10,170,170,130,09:29:00,10:09:00
6450,U,Werribee,Flinders Street,10,190,210,130,10:19:00,10:58:00
6461,D,Flinders Street,Werribee,10,200,200,130,13:04:00,13:44:00
6463,D,Flinders Street,Werribee,10,170,170,130,13:24:00,14:04:00
6500,U,Werribee,Flinders Street,10,210,210,130,17:39:00,18:19:00
6551,D,Flinders Street,Werribee,17,150,140,130,22:28:00,23:16:00
6283,D,Flinders Street,Laverton,13,140,150,120,18:27:00,19:04:00
6458,U,Werribee,Flinders Street,10,180,160,120,11:39:00,12:18:00
6462,U,Werribee,Flinders Street,10,160,160,120,12:19:00,12:58:00
6484,U,Werribee,Flinders Street,10,190,190,120,15:59:00,16:38:00
6486,U,Werribee,Flinders Street,10,200,200,120,16:19:00,16:58:00
6535,D,Flinders Street,Werribee,17,150,140,120,19:48:00,20:36:00
6260,U,Laverton,Flinders Street,13,230,230,110,15:35:00,16:13:00
6455,D,Flinders Street,Werribee,10,170,150,110,12:04:00,12:44:00
6457,D,Flinders Street,Werribee,10,140,130,110,12:24:00,13:04:00
6459,D,Flinders Street,Werribee,10,150,160,110,12:44:00,13:24:00
6468,U,Werribee,Flinders Street,10,160,180,110,13:19:00,13:58:00
6470,U,Werribee,Flinders Street,10,150,130,110,13:39:00,14:18:00
6474,U,Werribee,Flinders Street,10,160,170,110,14:19:00,14:58:00
6488,U,Werribee,Flinders Street,10,170,160,110,16:39:00,17:19:00
6537,D,Flinders Street,Werribee,17,140,140,110,20:08:00,20:56:00
6204,U,Laverton,Flinders Street,13,150,140,100,06:16:00,06:55:00
6222,U,Laverton,Flinders Street,13,140,110,100,09:16:00,09:55:00
6226,U,Laverton,Flinders Street,13,150,120,100,09:56:00,10:35:00
6230,U,Laverton,Flinders Street,13,130,120,100,10:36:00,11:14:00
6246,U,Laverton,Flinders Street,13,150,150,100,13:16:00,13:54:00
6261,D,Flinders Street,Laverton,13,220,220,100,14:46:00,15:24:00
6400,U,Werribee,Flinders Street,10,110,120,100,05:19:00,05:57:00
6460,U,Werribee,Flinders Street,10,150,120,100,11:59:00,12:38:00
6466,U,Werribee,Flinders Street,10,160,150,100,12:59:00,13:38:00
6496,U,Werribee,Flinders Street,10,180,160,100,17:19:00,17:59:00
6515,D,Flinders Street,Werribee,10,130,120,100,18:53:00,19:33:00
6517,D,Flinders Street,Werribee,10,120,110,100,19:03:00,19:43:00
6553,D,Flinders Street,Werribee,17,120,130,100,22:48:00,23:36:00
6202,U,Laverton,Flinders Street,13,120,120,90,05:56:00,06:35:00
6219,D,Flinders Street,Laverton,13,170,140,90,07:46:00,08:24:00
6234,U,Laverton,Flinders Street,13,120,120,90,11:16:00,11:54:00
6236,U,Laverton,Flinders Street,13,130,130,90,11:36:00,12:14:00
6250,U,Laverton,Flinders Street,13,130,120,90,13:56:00,14:34:00
6263,D,Flinders Street,Laverton,13,130,120,90,15:06:00,15:43:00
6264,U,Laverton,Flinders Street,13,160,160,90,16:15:00,16:54:00
6464,U,Werribee,Flinders Street,10,160,160,90,12:39:00,13:18:00
6228,U,Laverton,Flinders Street,13,100,90,80,10:16:00,10:54:00
6240,U,Laverton,Flinders Street,13,110,100,80,12:16:00,12:54:00
6244,U,Laverton,Flinders Street,13,100,100,80,12:56:00,13:34:00
6256,U,Laverton,Flinders Street,13,110,110,80,14:56:00,15:34:00
6266,U,Laverton,Flinders Street,13,150,150,80,16:36:00,17:14:00
6413,D,Flinders Street,Werribee,10,160,150,80,07:05:00,07:45:00
6417,D,Flinders Street,Werribee,11,110,130,80,07:31:00,08:08:00
6425,D,Flinders Street,Werribee,14,140,150,80,08:03:00,08:45:00
6442,U,Werribee,Flinders Street,10,120,110,80,09:19:00,09:59:00
6445,D,Flinders Street,Werribee,10,130,130,80,10:24:00,11:04:00
6446,U,Werribee,Flinders Street,10,140,120,80,09:39:00,10:19:00
6447,D,Flinders Street,Werribee,10,130,120,80,10:44:00,11:24:00
6449,D,Flinders Street,Werribee,10,140,130,80,11:04:00,11:44:00
6472,U,Werribee,Flinders Street,10,130,140,80,13:59:00,14:38:00
6476,U,Werribee,Flinders Street,10,160,170,80,14:39:00,15:18:00
6478,U,Werribee,Flinders Street,10,190,180,80,14:59:00,15:38:00
6530,U,Werribee,Flinders Street,17,80,90,80,04:46:00,05:34:00
6531,D,Flinders Street,Werribee,17,110,90,80,19:08:00,19:56:00
6224,U,Laverton,Flinders Street,13,120,110,70,09:36:00,10:15:00
6232,U,Laverton,Flinders Street,13,110,140,70,10:56:00,11:34:00
6242,U,Laverton,Flinders Street,13,100,100,70,12:36:00,13:14:00
6268,U,Laverton,Flinders Street,13,120,120,70,16:56:00,17:34:00
6285,D,Flinders Street,Laverton,13,80,100,70,18:47:00,19:24:00
6411,D,Flinders Street,Werribee,10,90,110,70,06:45:00,07:25:00
6451,D,Flinders Street,Werribee,10,120,120,70,11:24:00,12:04:00
6453,D,Flinders Street,Werribee,10,70,80,70,11:44:00,12:24:00
6555,D,Flinders Street,Werribee,17,80,80,70,23:08:00,23:56:00
6223,D,Flinders Street,Laverton,13,100,100,60,08:28:00,09:04:00
6252,U,Laverton,Flinders Street,13,90,90,60,14:16:00,14:54:00
6254,U,Laverton,Flinders Street,13,90,100,60,14:36:00,15:14:00
6257,D,Flinders Street,Laverton,13,70,80,60,14:06:00,14:44:00
6272,U,Laverton,Flinders Street,13,80,90,60,17:36:00,18:14:00
6431,D,Flinders Street,Werribee,10,120,100,60,08:37:00,09:17:00
6435,D,Flinders Street,Werribee,10,90,80,60,08:59:00,09:38:00
6437,D,Flinders Street,Werribee,10,90,90,60,09:13:00,09:53:00
6443,D,Flinders Street,Werribee,10,110,100,60,10:04:00,10:44:00
6532,U,Werribee,Flinders Street,17,70,70,60,05:06:00,05:54:00
6557,D,Flinders Street,Werribee,17,70,70,60,00:00:00,23:59:40
6231,D,Flinders Street,Laverton,13,70,60,50,09:46:00,10:24:00
6238,U,Laverton,Flinders Street,13,90,90,50,11:56:00,12:34:00
6248,U,Laverton,Flinders Street,13,60,60,50,13:36:00,14:14:00
6253,D,Flinders Street,Laverton,13,70,70,50,13:26:00,14:04:00
6255,D,Flinders Street,Laverton,13,70,60,50,13:46:00,14:24:00
6270,U,Laverton,Flinders Street,13,80,90,50,17:16:00,17:54:00
6274,U,Laverton,Flinders Street,13,60,60,50,17:56:00,18:34:00
6276,U,Laverton,Flinders Street,13,80,80,50,18:16:00,18:54:00
6280,U,Laverton,Flinders Street,13,50,50,50,18:56:00,19:34:00
6433,D,Flinders Street,Werribee,10,100,100,50,08:45:00,09:25:00
6439,D,Flinders Street,Werribee,10,70,90,50,09:24:00,10:04:00
6441,D,Flinders Street,Werribee,10,90,70,50,09:44:00,10:24:00
6508,U,Werribee,Flinders Street,10,90,90,50,18:19:00,18:57:00
6536,U,Werribee,Flinders Street,17,80,80,50,20:05:00,20:53:00
6538,U,Werribee,Flinders Street,17,60,60,50,20:25:00,21:13:00
6559,D,Flinders Street,Werribee,17,50,40,50,00:00:00,23:59:40
6200,U,Laverton,Flinders Street,13,30,40,40,05:37:00,06:14:00
6221,D,Flinders Street,Laverton,13,90,70,40,08:08:00,08:44:00
6225,D,Flinders Street,Laverton,13,40,30,40,08:48:00,09:24:00
6229,D,Flinders Street,Laverton,13,70,50,40,09:26:00,10:04:00
6241,D,Flinders Street,Laverton,13,40,50,40,11:26:00,12:04:00
6249,D,Flinders Street,Laverton,13,70,50,40,12:46:00,13:24:00
6251,D,Flinders Street,Laverton,13,50,40,40,13:06:00,13:44:00
6278,U,Laverton,Flinders Street,13,50,40,40,18:36:00,19:14:00
6407,D,Flinders Street,Werribee,10,60,60,40,06:06:00,06:43:00
6409,D,Flinders Street,Werribee,10,60,70,40,06:25:00,07:05:00
6502,U,Werribee,Flinders Street,10,70,60,40,17:50:00,18:28:00
6534,U,Werribee,Flinders Street,17,70,80,40,19:45:00,20:33:00
6217,D,Flinders Street,Laverton,13,70,80,30,07:26:00,08:04:00
6233,D,Flinders Street,Laverton,13,60,50,30,10:06:00,10:44:00
6237,D,Flinders Street,Laverton,13,30,40,30,10:46:00,11:24:00
6239,D,Flinders Street,Laverton,13,40,40,30,11:06:00,11:44:00
6243,D,Flinders Street,Laverton,13,50,50,30,11:46:00,12:24:00
6245,D,Flinders Street,Laverton,13,30,40,30,12:06:00,12:44:00
6247,D,Flinders Street,Laverton,13,50,50,30,12:26:00,13:04:00
6504,U,Werribee,Flinders Street,10,50,50,30,17:59:00,18:39:00
6510,U,Werribee,Flinders Street,10,50,50,30,18:29:00,19:07:00
6516,U,Werribee,Flinders Street,10,40,40,30,18:59:00,19:37:00
6520,U,Werribee,Flinders Street,10,50,50,30,19:37:00,20:15:00
6540,U,Werribee,Flinders Street,17,50,40,30,20:45:00,21:33:00
6542,U,Werribee,Flinders Street,17,30,40,30,21:05:00,21:53:00
6544,U,Werribee,Flinders Street,17,50,40,30,21:25:00,22:13:00
6546,U,Werribee,Flinders Street,17,40,40,30,21:45:00,22:33:00
6548,U,Werribee,Flinders Street,17,30,30,30,22:05:00,22:53:00
6561,D,Flinders Street,Werribee,17,30,30,30,00:08:00,00:56:00
6211,D,Flinders Street,Laverton,13,40,30,20,06:27:00,07:04:00
6215,D,Flinders Street,Laverton,13,30,30,20,07:08:00,07:44:00
6227,D,Flinders Street,Laverton,13,30,30,20,09:09:00,09:44:00
6235,D,Flinders Street,Laverton,13,20,30,20,10:26:00,11:04:00
6282,U,Laverton,Flinders Street,13,20,30,20,19:16:00,19:53:00
6284,U,Laverton,Flinders Street,13,20,20,20,19:36:00,20:13:00
6401,D,Flinders Street,Werribee,10,20,20,20,05:06:00,05:43:00
6405,D,Flinders Street,Werribee,10,10,30,20,05:46:00,06:23:00
6427,D,Flinders Street,Newport,5,40,40,20,08:12:00,08:30:40
6512,U,Werribee,Flinders Street,10,40,30,20,18:39:00,19:17:00
6518,U,Werribee,Flinders Street,10,20,30,20,19:19:00,19:57:00
6552,U,Werribee,Flinders Street,17,20,30,20,22:45:00,23:33:00
6201,D,Flinders Street,Laverton,13,0,0,10,04:49:00,05:25:00
6207,D,Flinders Street,Laverton,13,0,0,10,05:48:00,06:24:00
6209,D,Flinders Street,Laverton,13,10,10,10,06:08:00,06:44:00
6213,D,Flinders Street,Laverton,13,20,20,10,06:47:00,07:24:00
6403,D,Flinders Street,Werribee,10,10,10,10,05:26:00,06:03:00
6550,U,Werribee,Flinders Street,17,0,10,10,22:25:00,23:13:00
6556,U,Werribee,Flinders Street,17,0,0,10,00:00:00,23:59:40
6203,D,Flinders Street,Laverton,13,0,0,0,05:08:00,05:45:00
6205,D,Flinders Street,Laverton,13,0,0,0,05:28:00,06:04:00
6554,U,Werribee,Flinders Street,17,0,0,0,23:05:00,23:53:00
